PRAGMA foreign_keys=OFF;
BEGIN TRANSACTION;
CREATE TABLE BOOK_INFO (id TEXT PRIMARY KEY NOT NULL, asin TEXT, guid TEXT, lang TEXT, title TEXT, authors TEXT);
INSERT INTO BOOK_INFO VALUES('CR!M4K8A2L1T5A9G3S7D2P6R8N4H1Q5','7Q2N4K8P1A5L9M3D6R2H7S4T8B1C5E9','CR!M4K8A2L1T5A9G3S7D2P6R8N4H1Q5','de','Gewohnheiten im Alltag','Martin Keller');
INSERT INTO BOOK_INFO VALUES('CR!N7O3R9A1F4E8L2D6B5C7H1J9K3P2','4R8N1P5L2A7D9K3H6S2T4B8C1E5M7Q3','CR!N7O3R9A1F4E8L2D6B5C7H1J9K3P2','de','Projekt Korridor','Nora Feld');
INSERT INTO BOOK_INFO VALUES('CR!E5V1A8N4S7H2O6R9T3L5P1Q8D4K7','8D4K7P1L5Q9A3R6S2T8N4V1H7O5E2M9','CR!E5V1A8N4S7H2O6R9T3L5P1Q8D4K7','en','Broken Orbit','Evan Shore');
CREATE TABLE DICT_INFO (id TEXT PRIMARY KEY NOT NULL, asin TEXT, langin TEXT, langout TEXT);
INSERT INTO DICT_INFO VALUES('B0053VMNYW','B0053VMNYW','en','en');
INSERT INTO DICT_INFO VALUES('B00NM4BKNC','B00NM4BKNC','en','de');
INSERT INTO DICT_INFO VALUES('B0050BXW7W','B0050BXW7W','de','de');
CREATE TABLE LOOKUPS (id TEXT PRIMARY KEY NOT NULL, word_key TEXT, book_key TEXT, dict_key TEXT, pos TEXT, usage TEXT, timestamp INTEGER DEFAULT 0);
INSERT INTO LOOKUPS VALUES('CR!M4K8A2L1T5A9G3S7D2P6R8N4H1Q5:AQQAAABFAAAA:112:6','de:Bug','CR!M4K8A2L1T5A9G3S7D2P6R8N4H1Q5','B0050BXW7W','AQQAAABFAAAA:112','Das war ein Bug.',1767192335340);
INSERT INTO LOOKUPS VALUES('CR!N7O3R9A1F4E8L2D6B5C7H1J9K3P2:AUcCAAAIAAAA:2938:6','de:Bug','CR!N7O3R9A1F4E8L2D6B5C7H1J9K3P2','B0050BXW7W','AUcCAAAIAAAA:2938','Im Bericht war von einem Bug die Rede, doch im Team sprach zunächst niemand laut darüber.',1767282246613);
INSERT INTO LOOKUPS VALUES('CR!M4K8A2L1T5A9G3S7D2P6R8N4H1Q5:AZECAAAGAAAA:2210:12','de:Neutrinos','CR!M4K8A2L1T5A9G3S7D2P6R8N4H1Q5','B0050BXW7W','AZECAAAGAAAA:2210','Die Neutrinos tauchten erst in der Randnotiz auf, als die Messreihe schon fast abgeschlossen war.',1767282213327);
INSERT INTO LOOKUPS VALUES('CR!N7O3R9A1F4E8L2D6B5C7H1J9K3P2:AVMCAAAuAAAA:9012:13','de:Panspermie','CR!N7O3R9A1F4E8L2D6B5C7H1J9K3P2','B0050BXW7W','AVMCAAAuAAAA:9012',unistr('Im Protokoll stand Panspermie zunächst nur am Rand.\u000a\u000aSpäter tauchte Panspermie auch in der Zusammenfassung auf.'),1767282512968);
INSERT INTO LOOKUPS VALUES('CR!M4K8A2L1T5A9G3S7D2P6R8N4H1Q5:AWkCAAANAAAA:1444:13','de:Panspermie','CR!M4K8A2L1T5A9G3S7D2P6R8N4H1Q5','B0050BXW7W','AWkCAAANAAAA:1444','In der Diskussion fiel das Wort Panspermie, und plötzlich nahm die Runde eine unerwartet kosmische Richtung.',1767283416417);
INSERT INTO LOOKUPS VALUES('CR!N7O3R9A1F4E8L2D6B5C7H1J9K3P2:AQkBAABYAAAA:2489:12','de:bugsierte','CR!N7O3R9A1F4E8L2D6B5C7H1J9K3P2','B0050BXW7W','AQkBAABYAAAA:2489','Er bugsierte den Wagen rückwärts in die enge Einfahrt, während neben ihm noch zwei Kisten kippten, jemand nach dem Schlüssel suchte und aus dem offenen Fenster schon wieder eine viel zu genaue Anweisung gerufen wurde.',1771060609662);
INSERT INTO LOOKUPS VALUES('CR!M4K8A2L1T5A9G3S7D2P6R8N4H1Q5:AX4BAAAQAAAA:1882:11','de:Maßstäbe','CR!M4K8A2L1T5A9G3S7D2P6R8N4H1Q5','B0050BXW7W','AX4BAAAQAAAA:1882','Für die neuen Maßstäbe fehlte im Lager noch ein beschriftetes Kästchen; später stand dort nur noch „größer, präziser, weißer“.',1772954949281);
INSERT INTO LOOKUPS VALUES('CR!E5V1A8N4S7H2O6R9T3L5P1Q8D4K7:Ae4BAAAyAAAA:226:9','en:clouds','CR!E5V1A8N4S7H2O6R9T3L5P1Q8D4K7','B0053VMNYW','Ae4BAAAyAAAA:226','By noon the clouds had thinned enough for the antennas to show again.',1772955662925);
INSERT INTO LOOKUPS VALUES('CR!E5V1A8N4S7H2O6R9T3L5P1Q8D4K7:AUUCAAAXAAAA:2284:9','en:clouds','CR!E5V1A8N4S7H2O6R9T3L5P1Q8D4K7','B00NM4BKNC','AUUCAAAXAAAA:2284','Low clouds moved across the ridge while the crew checked the lamps one by one.',1773675093002);
INSERT INTO LOOKUPS VALUES('CR!E5V1A8N4S7H2O6R9T3L5P1Q8D4K7:AeABAAASAAAA:4124:12','en:indicated','CR!E5V1A8N4S7H2O6R9T3L5P1Q8D4K7','B00NM4BKNC','AeABAAASAAAA:4124','A faint mark on the panel indicated where the cover had already been forced open.',1775124659817);
INSERT INTO LOOKUPS VALUES('CR!E5V1A8N4S7H2O6R9T3L5P1Q8D4K7:AwQCAAAkAAAA:4021:14','en:mercenaries','CR!E5V1A8N4S7H2O6R9T3L5P1Q8D4K7','B00NM4BKNC','AwQCAAAkAAAA:4021','The mercenaries waited by the gate, trading dull jokes and watching the road.',1773073996652);
INSERT INTO LOOKUPS VALUES('CR!E5V1A8N4S7H2O6R9T3L5P1Q8D4K7:AdMBAAAEAAAA:3650:11','en:bulkhead','CR!E5V1A8N4S7H2O6R9T3L5P1Q8D4K7','B00NM4BKNC','AdMBAAAEAAAA:3650','She set the toolkit against the bulkhead and counted the screws twice.',1773073996651);
INSERT INTO LOOKUPS VALUES('CR!E5V1A8N4S7H2O6R9T3L5P1Q8D4K7:AUgCAABaAAAA:3252:16','en:reverberating','CR!E5V1A8N4S7H2O6R9T3L5P1Q8D4K7','B00NM4BKNC','AUgCAABaAAAA:3252','The alarm kept reverberating through the lower corridor long after the door was sealed, so every metal step, every clipped order, and every delayed reply seemed to arrive twice.',1774023231859);
CREATE TABLE METADATA (id TEXT PRIMARY KEY NOT NULL, dsname TEXT, sscnt INTEGER, profileid TEXT);
CREATE TABLE VERSION (id TEXT PRIMARY KEY NOT NULL, dsname TEXT, value INTEGER);
INSERT INTO VERSION VALUES('WORDS','WORDS',1);
INSERT INTO VERSION VALUES('LOOKUPS','LOOKUPS',0);
INSERT INTO VERSION VALUES('DICT_INFO','DICT_INFO',0);
INSERT INTO VERSION VALUES('BOOK_INFO','BOOK_INFO',0);
INSERT INTO VERSION VALUES('METADATA','METADATA',1);
CREATE TABLE WORDS (id TEXT PRIMARY KEY NOT NULL, word TEXT, stem TEXT, lang TEXT, category INTEGER DEFAULT 0, timestamp INTEGER DEFAULT 0, profileid TEXT);
INSERT INTO WORDS VALUES('de:Bug','Bug','Bug (1)','de',0,0,'');
INSERT INTO WORDS VALUES('de:Neutrinos','Neutrinos','Neutrino','de',0,0,'');
INSERT INTO WORDS VALUES('de:Panspermie','Panspermie','Pan (1)','de',0,0,'');
INSERT INTO WORDS VALUES('de:bugsierte','bugsierte','bugsieren','de',0,0,'');
INSERT INTO WORDS VALUES('de:Maßstäbe','Maßstäbe','Maßstab','de',0,0,'');
INSERT INTO WORDS VALUES('en:clouds','clouds','cloud','en',0,0,'');
INSERT INTO WORDS VALUES('en:indicated','indicated','indicate','en',0,0,'');
INSERT INTO WORDS VALUES('en:mercenaries','mercenaries','mercenary','en',0,0,'');
INSERT INTO WORDS VALUES('en:bulkhead','bulkhead','bulkhead','en',0,0,'');
INSERT INTO WORDS VALUES('en:reverberating','reverberating','reverberate','en',0,0,'');
CREATE INDEX lookupbookkey ON LOOKUPS (book_key);
CREATE INDEX lookupwordkey ON LOOKUPS (word_key);
CREATE INDEX wordprofileid ON WORDS (profileid);
COMMIT;
